{
  "regression": {
    "lr": {
      "MAE": 3.2916689662511387,
      "RMSE": 8.008554720307258,
      "R2": 0.4422896152099145
    },
    "rf": {
      "MAE": 1.9589664573834435,
      "RMSE": 3.2544447679483186,
      "R2": 0.9079011415025842
    },
    "xgb": {
      "MAE": 1.4441247617118138,
      "RMSE": 2.528036205428277,
      "R2": 0.9444265939095906
    }
  },
  "classification": {
    "lr": {
      "Precision": 0.999630914593637,
      "Recall": 0.9940906588364837,
      "F1": 0.9968530889416441,
      "ROC-AUC": 0.999751416757589,
      "Confusion_Matrix": [
        [
          5906,
          10
        ],
        [
          161,
          27084
        ]
      ]
    },
    "xgb": {
      "Precision": 0.9688833570412517,
      "Recall": 1.0,
      "F1": 0.9841957915650682,
      "ROC-AUC": 0.9966152488295487,
      "Confusion_Matrix": [
        [
          5041,
          875
        ],
        [
          0,
          27245
        ]
      ]
    },
    "rf": {
      "Precision": 0.850834427151697,
      "Recall": 0.9992659203523583,
      "F1": 0.9190959269449556,
      "ROC-AUC": 0.9158707901940559,
      "Confusion_Matrix": [
        [
          1143,
          4773
        ],
        [
          20,
          27225
        ]
      ]
    }
  }
}